AMD AMD Custom GPU 0405;RDNA 2.0
AMD Radeon (TM) Graphics;Unknown
AMD Radeon 530;GCN 3.0
AMD Radeon 535;GCN 3.0
AMD Radeon 540 Graphics;GCN 4.0
AMD Radeon 540X Series;GCN 4.0
AMD Radeon 550X;GCN 4.0
AMD Radeon 6600M and 6700M Series;RDNA 2.0
AMD Radeon 760M Graphics;RDNA 3.0
AMD Radeon 780M Graphics;RDNA 3.0
AMD Radeon Graphics;Unknown
AMD Radeon Graphics (RADV VANGOGH);RDNA 2.0
AMD Radeon HD 4350;TeraScale
AMD Radeon HD 4650;TeraScale
AMD Radeon HD 4670;TeraScale
AMD Radeon HD 4850;TeraScale
AMD Radeon HD 4870;TeraScale
AMD Radeon HD 5450;TeraScale 2
AMD Radeon HD 5500 Series;TeraScale 2
AMD Radeon HD 5570;TeraScale 2
AMD Radeon HD 5670;TeraScale 2
AMD Radeon HD 5750;TeraScale 2
AMD Radeon HD 5770;TeraScale 2
AMD Radeon HD 5850;TeraScale 2
AMD Radeon HD 5870;TeraScale 2
AMD Radeon HD 6310;TeraScale 2
AMD Radeon HD 6320;TeraScale 2
AMD Radeon HD 6370M;TeraScale 2
AMD Radeon HD 6410D;TeraScale 2
AMD Radeon HD 6430M;TeraScale 2
AMD Radeon HD 6450;TeraScale 2
AMD Radeon HD 6480G;TeraScale 2
AMD Radeon HD 6490M;TeraScale 2
AMD Radeon HD 6520G;TeraScale 2
AMD Radeon HD 6530D;TeraScale 2
AMD Radeon HD 6570;TeraScale 2
AMD Radeon HD 6620G;TeraScale 2
AMD Radeon HD 6670;TeraScale 2
AMD Radeon HD 6700 Series;TeraScale 2
AMD Radeon HD 6750M;TeraScale 2
AMD Radeon HD 6770;TeraScale 2
AMD Radeon HD 6770M;TeraScale 2
AMD Radeon HD 6800 Series;TeraScale 2
AMD Radeon HD 6850;TeraScale 2
AMD Radeon HD 6870;TeraScale 2
AMD Radeon HD 6900 Series;TeraScale 3
AMD Radeon HD 6950;TeraScale 3
AMD Radeon HD 6970;TeraScale 3
AMD Radeon HD 7000 Series;Unknown
AMD Radeon HD 7200 Series;TeraScale 2
AMD Radeon HD 7300 Series;Unknown
AMD Radeon HD 7310;TeraScale 2
AMD Radeon HD 7340;TeraScale 2
AMD Radeon HD 7400 Series;Unknown
AMD Radeon HD 7400A Series;TeraScale 2
AMD Radeon HD 7400G;TeraScale 3
AMD Radeon HD 7400M Series;TeraScale 2
AMD Radeon HD 7420G;TeraScale 3
AMD Radeon HD 7480D;TeraScale 3
AMD Radeon HD 7500 Series;Unknown
AMD Radeon HD 7500G;TeraScale 3
AMD Radeon HD 7500M/7600M Series;TeraScale 2
AMD Radeon HD 7520G;TeraScale 3
AMD Radeon HD 7520G + 7670M;Unknown
AMD Radeon HD 7540D;TeraScale 3
AMD Radeon HD 7550M;TeraScale 2
AMD Radeon HD 7560D;TeraScale 3
AMD Radeon HD 7600 Series;Unknown
AMD Radeon HD 7600A Series;TeraScale 2
AMD Radeon HD 7600G;TeraScale 3
AMD Radeon HD 7600M Series;TeraScale 2
AMD Radeon HD 7620G;TeraScale 3
AMD Radeon HD 7640G;TeraScale 3
AMD Radeon HD 7640G + 7670M;Unknown
AMD Radeon HD 7660D;TeraScale 3
AMD Radeon HD 7660G;TeraScale 3
AMD Radeon HD 7660G + 7670M;Unknown
AMD Radeon HD 7670M;TeraScale 2
AMD Radeon HD 7700 Series;GCN 1.0
AMD Radeon HD 7700M Series;GCN 1.0
AMD Radeon HD 7750;GCN 1.0
AMD Radeon HD 7750M;GCN 1.0
AMD Radeon HD 7770;GCN 1.0
AMD Radeon HD 7800 Series;GCN 1.0
AMD Radeon HD 7800M Series;GCN 1.0
AMD Radeon HD 7850;GCN 1.0
AMD Radeon HD 7870;GCN 1.0
AMD Radeon HD 7900 Series;GCN 1.0
AMD Radeon HD 7950;GCN 1.0
AMD Radeon HD 7970;GCN 1.0
AMD Radeon HD 7970M;GCN 1.0
AMD Radeon HD 8180;GCN 2.0
AMD Radeon HD 8210;GCN 2.0
AMD Radeon HD 8240;GCN 2.0
AMD Radeon HD 8250;GCN 2.0
AMD Radeon HD 8280;GCN 2.0
AMD Radeon HD 8310G;TeraScale 3
AMD Radeon HD 8330;GCN 2.0
AMD Radeon HD 8330E;GCN 2.0
AMD Radeon HD 8350G;TeraScale 3
AMD Radeon HD 8370D;TeraScale 3
AMD Radeon HD 8400;GCN 2.0
AMD Radeon HD 8400E;GCN 2.0
AMD Radeon HD 8410G;TeraScale 3
AMD Radeon HD 8450G;TeraScale 3
AMD Radeon HD 8470D;TeraScale 3
AMD Radeon HD 8490;TeraScale 2
AMD Radeon HD 8500 Series;Unknown
AMD Radeon HD 8500M;Unknown
AMD Radeon HD 8500M Series;Unknown
AMD Radeon HD 8500M/8700M;Unknown
AMD Radeon HD 8510G;TeraScale 3
AMD Radeon HD 8530M;GCN 1.0
AMD Radeon HD 8550D;TeraScale 3
AMD Radeon HD 8550G;TeraScale 3
AMD Radeon HD 8570D;TeraScale 3
AMD Radeon HD 8600;Unknown
AMD Radeon HD 8600 Series;Unknown
AMD Radeon HD 8600/8700M;GCN 1.0
AMD Radeon HD 8600M Series;GCN 1.0
AMD Radeon HD 8610G;TeraScale 3
AMD Radeon HD 8650D;TeraScale 3
AMD Radeon HD 8650G;TeraScale 3
AMD Radeon HD 8670D;TeraScale 3
AMD Radeon HD 8790M;GCN 1.0
AMD Radeon HD 8800 Series;GCN 1.0
AMD Radeon HD 8800M Series;GCN 1.0
AMD Radeon HD 8950;GCN 1.0
AMD Radeon HD 8970M;GCN 1.0
AMD Radeon Pro 460;GCN 4.0
AMD Radeon Pro 5500M;RDNA 1.0
AMD Radeon Pro 555;GCN 4.0
AMD Radeon Pro 575;GCN 4.0
AMD Radeon Pro 580;GCN 4.0
AMD Radeon R2 Graphics;Unknown
AMD Radeon R3 Graphics;Unknown
AMD Radeon R4 Graphics;Unknown
AMD Radeon R5 340;GCN 1.0
AMD Radeon R5 Graphics;Unknown
AMD Radeon R5 M200 Series;Unknown
AMD Radeon R5 M255;GCN 3.0
AMD Radeon R5 M315;GCN 3.0
AMD Radeon R5 M320;GCN 1.0
AMD Radeon R5 M330;GCN 1.0
AMD Radeon R5 M335;GCN 1.0
AMD Radeon R5 M435;GCN 1.0
AMD Radeon R6 Graphics;Unknown
AMD Radeon R7 200 Series;Unknown
AMD Radeon R7 240 Series;GCN 1.0
AMD Radeon R7 300 Series;Unknown
AMD Radeon R7 350;GCN 1.0
AMD Radeon R7 360;GCN 2.0
AMD Radeon R7 370 Series;GCN 1.0
AMD Radeon R7 Graphics;Unknown
AMD Radeon R7 M260;GCN 3.0
AMD Radeon R7 M260 Series;Unknown
AMD Radeon R7 M265 Series;Unknown
AMD Radeon R7 M340;Unknown
AMD Radeon R7 M350;Unknown
AMD Radeon R7 M360;GCN 3.0
AMD Radeon R7 M370;GCN 1.0
AMD Radeon R7 M380;GCN 1.0
AMD Radeon R7 M445;GCN 3.0
AMD Radeon R7 Series / HD 9000 Series;Unknown
AMD Radeon R9 200 Series;Unknown
AMD Radeon R9 380 Series;GCN 3.0
AMD Radeon R9 390 Series;GCN 2.0
AMD Radeon R9 Fury;GCN 3.0
AMD Radeon R9 Fury Series;GCN 3.0
AMD Radeon R9 M280X;GCN 2.0
AMD Radeon R9 M295X;GCN 3.0
AMD Radeon R9 M360;GCN 1.0
AMD Radeon R9 M370X;GCN 1.0
AMD Radeon R9 M375;GCN 1.0
AMD Radeon R9 M375X;GCN 1.0
AMD Radeon R9 M380;GCN 2.0
AMD Radeon R9 M385;GCN 2.0
AMD Radeon R9 M390X;GCN 3.0
AMD Radeon R9 M395X;GCN 3.0
AMD Radeon RX 460;GCN 4.0
AMD Radeon RX 470;GCN 4.0
AMD Radeon RX 480;GCN 4.0
AMD Radeon RX 550;GCN 4.0
AMD Radeon RX 5500;RDNA 1.0
AMD Radeon RX 5500 XT;RDNA 1.0
AMD Radeon RX 5500M;RDNA 1.0
AMD Radeon RX 560;GCN 4.0
AMD Radeon RX 5600 XT;RDNA 1.0
AMD Radeon RX 5600M;RDNA 1.0
AMD Radeon RX 570;GCN 4.0
AMD Radeon RX 5700;RDNA 1.0
AMD Radeon RX 5700 XT;RDNA 1.0
AMD Radeon RX 580;GCN 4.0
AMD Radeon RX 580 2048SP;GCN 4.0
AMD Radeon RX 590 Series;GCN 4.0
AMD Radeon RX 6400;RDNA 2.0
AMD Radeon RX 6500 XT;RDNA 2.0
AMD Radeon RX 6500M;RDNA 2.0
AMD Radeon RX 6600;RDNA 2.0
AMD Radeon RX 6600 XT;RDNA 2.0
AMD Radeon RX 6600M;RDNA 2.0
AMD Radeon RX 6650 XT;RDNA 2.0
AMD Radeon RX 6700;RDNA 2.0
AMD Radeon RX 6700 XT;RDNA 2.0
AMD Radeon RX 6700M;RDNA 2.0
AMD Radeon RX 6700S;RDNA 2.0
AMD Radeon RX 6750 GRE 10GB;RDNA 2.0
AMD Radeon RX 6750 GRE 12GB;RDNA 2.0
AMD Radeon RX 6750 XT;RDNA 2.0
AMD Radeon RX 6800;RDNA 2.0
AMD Radeon RX 6800 XT;RDNA 2.0
AMD Radeon RX 6800M;RDNA 2.0
AMD Radeon RX 6800S;RDNA 2.0
AMD Radeon RX 6900 XT;RDNA 2.0
AMD Radeon RX 6950 XT;RDNA 2.0
AMD Radeon RX 7700 XT;RDNA 3.0
AMD Radeon RX 7900 XTX;RDNA 3.0
AMD Radeon RX Vega;GCN 5.0
AMD Radeon RX Vega 10 Graphics;GCN 5.0
AMD Radeon RX Vega 11 Graphics;GCN 5.0
AMD Radeon RX590 GME;GCN 4.0
AMD Radeon VII;GCN 5.1
AMD Radeon Vega 10 Mobile Graphics;GCN 5.0
AMD Radeon Vega 11 Graphics;GCN 5.0
AMD Radeon Vega 3 Graphics;GCN 5.0
AMD Radeon Vega 6 Graphics;GCN 5.0
AMD Radeon Vega 8 Graphics;GCN 5.0
AMD Radeon Vega 8 Mobile Graphics;GCN 5.0
AMD Radeon Vega Frontier Edition;GCN 5.0
AMD Radeon(TM) Graphics;Unknown
AMD VANGOGH;RDNA 2.0
Apple G13G;Apple GPU
ATI 760G;Unknown
ATI Mobility Radeon HD 2600;TeraScale
ATI Mobility Radeon HD 3470;TeraScale
ATI Mobility Radeon HD 3650;TeraScale
ATI Mobility Radeon HD 4200;TeraScale
ATI Mobility Radeon HD 4570;TeraScale
ATI Mobility Radeon HD 4650;TeraScale
ATI Mobility Radeon HD 4850;TeraScale
ATI Mobility Radeon HD 5000 Series;TeraScale 2
ATI Mobility Radeon HD 5430;TeraScale 2
ATI Mobility Radeon HD 5470;TeraScale 2
ATI Mobility Radeon HD 5650;TeraScale 2
ATI Mobility Radeon X1600;Ultra-Threaded SE
ATI Mobility 9200;Rage 7
ATI Mobility 9550;R300
ATI Mobility 9600;R300
ATI Mobility 9800;R400
ATI Radeon 9200;Rage 7
ATI Radeon 9550;R300
ATI Radeon 9600;R300
ATI Radeon 9800;R300
ATI Radeon X1300;Ultra-Threaded SE
ATI Radeon X1600;Ultra-Threaded SE
ATI Radeon X1650;Ultra-Threaded SE
ATI Radeon X1950;Ultra-Threaded SE
ATI Radeon X300;R300
ATI Radeon X600;R300
ATI Radeon X700;R400
ATI Radeon X800;R400
ATI Radeon Xpress 200;R300
ATI Radeon HD 2400;TeraScale
ATI Radeon HD 2600;TeraScale
ATI Radeon HD 3200;TeraScale
ATI Radeon HD 3450;TeraScale
ATI Radeon HD 3600;TeraScale
ATI Radeon HD 3600 Series;TeraScale
ATI Radeon HD 3650;TeraScale
ATI Radeon HD 3850;TeraScale
ATI Radeon HD 3870;TeraScale
ATI Radeon HD 4350;TeraScale
ATI Radeon HD 4650;TeraScale
ATI Radeon HD 4670;TeraScale
ATI Radeon HD 4800 Series;TeraScale
ATI Radeon HD 4850;TeraScale
ATI Radeon HD 4870;TeraScale
ATI Radeon HD 4890;TeraScale
ATI Radeon HD 5450;TeraScale 2
ATI Radeon HD 5500 Series;Unknown
ATI Radeon HD 5570;TeraScale 2
ATI Radeon HD 5670;TeraScale 2
ATI Radeon HD 5700 Series;Unknown
ATI Radeon HD 5750;TeraScale 2
ATI Radeon HD 5770;TeraScale 2
ATI Radeon HD 5800 Series;TeraScale 2
ATI Radeon HD 5850;TeraScale 2
ATI Radeon HD 5870;TeraScale 2
ATI Radeon HD 6310;TeraScale 2
ATI Radeon HD 6520G;TeraScale 2
ATI Radeon HD 6570;TeraScale 2
ATI Radeon HD 6670;TeraScale 2
ATI Radeon HD 6750M;TeraScale 2
ATI Radeon HD 6770;TeraScale 2
ATI Radeon HD 6850;TeraScale 2
ATI Radeon HD 6870;TeraScale 2
ATI Radeon HD 6950;TeraScale 3
ATI Radeon HD 6970;TeraScale 3
ATI Radeon HD 7750;GCN 1.0
ATI Radeon HD 7770;GCN 1.0
ATI Radeon HD 7850;GCN 1.0
ATI Radeon HD 7870;GCN 1.0
ATI Radeon HD 7950;GCN 1.0
ATI Radeon HD 7970;GCN 1.0
ATI Radeon HD 8800 Series;GCN 1.0
Desktop Haswell GT1;Generation 7.5
Intel 82945G Express;Generation 3.0
Intel Cherryview Cherrytrail;Unknown
Intel Desktop Haswell GT1;Generation 7.5
Intel G33/G31 Express;Generation 3.0
Intel G33/G31 Express Chipset Family;Generation 3.0
Intel G41 Express;Generation 4.0
Intel G41 Express Chipset;Generation 4.0
Intel HD Graphics;Unknown
Intel HD Graphics - Braswell;Generation 8.0
Intel HD Graphics - Broadwell;Generation 8.0
Intel HD Graphics - Cherry Trail;Generation 8.0
Intel HD Graphics 2000;Generation 6.0
Intel HD Graphics 2500;Generation 6.0
Intel HD Graphics 3000;Generation 6.0
Intel HD Graphics 4000;Generation 7.0
Intel HD Graphics 4400;Generation 7.5
Intel HD Graphics 4600;Generation 7.5
Intel HD Graphics 5000;Generation 7.5
Intel HD Graphics 510;Generation 9.0
Intel HD Graphics 515;Generation 9.0
Intel HD Graphics 520;Generation 9.0
Intel HD Graphics 530;Generation 9.0
Intel HD Graphics 5300;Generation 8.0
Intel HD Graphics 5500;Generation 8.0
Intel HD Graphics 5600;Generation 8.0
Intel HD Graphics 6000;Generation 8.0
Intel HD Graphics 610;Generation 9.5
Intel HD Graphics 615;Generation 9.5
Intel HD Graphics 620;Generation 9.5
Intel HD Graphics 630;Generation 9.5
Intel Haswell;Generation 7.5
Intel Iris Graphics 5100;Generation 7.5
Intel Iris Graphics 540;Generation 9.0
Intel Iris Graphics 550;Generation 9.0
Intel Iris Graphics 6100;Generation 8.0
Intel Iris Plus Graphics;Generation 9.5
Intel Iris Plus Graphics 640;Generation 9.5
Intel Iris Plus Graphics 650;Generation 9.5
Intel Iris Plus Graphics 655;Generation 9.5
Intel Iris Pro Graphics 5200;Generation 7.5
Intel Iris Pro Graphics 580;Generation 9.0
Intel Iris Pro Graphics 6200;Generation 8.0
Intel Iris Pro Graphics P6300;Generation 8.0
Intel Iris Xe Graphics;Generation 12.1/Generation 12.2
Intel Ironlake (Mobile);Generation 5.75
Intel Ironlake Arrandale;Generation 5.75
Intel Ivy Bridge;Generation 7.0
Intel Mobile Haswell - ULT GT1;Generation 7.5
Intel Mobile Haswell - ULX GT1;Generation 7.5
Intel Mobile Haswell GT1;Generation 7.5
Intel Sandy Bridge;Generation 6.0
Intel Server Haswell GT2;Generation 7.5
Intel UHD Graphics;Unknown
Intel UHD Graphics 600;Generation 9.5
Intel UHD Graphics 605;Generation 9.5
Intel UHD Graphics 610;Generation 9.5
Intel UHD Graphics 615;Generation 9.5
Intel UHD Graphics 617;Generation 9.5
Intel UHD Graphics 620;Generation 9.5
Intel UHD Graphics 630;Generation 9.5
Intel UHD Graphics 730;Generation 12.2
Intel UHD Graphics 770;Generation 12.2
Intel ValleyView2 HD Graphics;Unknown
Intel Valleyview Baytrail;Unknown
Intel(R) Arc(TM) Graphics;Xe-LPG
Intel(R) Iris(R) Plus Graphics;Generation 11
Intel(R) Iris(R) Xe Graphics;Generation 12.1/Generation 12.2
Intel(R) UHD Graphics;Unknown
Intel(R) UHD Graphics 600;Generation 9.5
Intel(R) UHD Graphics 630;Generation 9.5
Intel(R) UHD Graphics 770;Generation 12.2
Mobile Haswell - ULT GT1;Generation 7.5
Mobile Haswell - ULX GT1;Generation 7.5
Mobile Haswell GT1;Generation 7.5
Mobile Intel 4 Series Express;Unknown
Mobile Intel 4 Series Express Chipset Family;Unknown
Mobile Intel 945GM Express;Generation 4.0
Mobile Intel 965 Express;Generation 4.0
NVIDIA GRID K2;Kepler
NVIDIA GRID K520;Kepler
NVIDIA GeForce 210;Tesla 2.0
NVIDIA GeForce 310M;Tesla 2.0
NVIDIA GeForce 320M;Tesla 2.0
NVIDIA GeForce 410M;Fermi 2.0
NVIDIA GeForce 505;Tesla 2.0
NVIDIA GeForce 510;Fermi 2.0
NVIDIA GeForce 605;Fermi 2.0
NVIDIA GeForce 6100;Curie
NVIDIA GeForce 610M;Unknown
NVIDIA GeForce 615;Fermi
NVIDIA GeForce 6200;Curie
NVIDIA GeForce 6600;Curie
NVIDIA GeForce 6800;Curie
NVIDIA GeForce 705A;Fermi 2.0
NVIDIA GeForce 710A;Unknown
NVIDIA GeForce 7300;Curie
NVIDIA GeForce 7600;Curie
NVIDIA GeForce 7800;Curie
NVIDIA GeForce 7900;Curie
NVIDIA GeForce 7950;Curie
NVIDIA GeForce 810A;Kepler 2.0
NVIDIA GeForce 810M;Unknown
NVIDIA GeForce 820M;Unknown
NVIDIA GeForce 825M;Kepler 2.0
NVIDIA GeForce 830M;Maxwell
NVIDIA GeForce 8400;Tesla
NVIDIA GeForce 8400M;Tesla
NVIDIA GeForce 8400 GS;Unknown
NVIDIA GeForce 840M;Maxwell
NVIDIA GeForce 845M;Maxwell
NVIDIA GeForce 8500;Tesla
NVIDIA GeForce 8600;Tesla
NVIDIA GeForce 8600M;Tesla
NVIDIA GeForce 8600 GT;Tesla
NVIDIA GeForce 8800;Tesla
NVIDIA GeForce 910M;Kepler 2.0
NVIDIA GeForce 920A;Kepler 2.0
NVIDIA GeForce 920M;Kepler 2.0
NVIDIA GeForce 920MX;Maxwell
NVIDIA GeForce 930M;Maxwell
NVIDIA GeForce 930MX;Maxwell
NVIDIA GeForce 9400;Tesla
NVIDIA GeForce 9400M;Tesla
NVIDIA GeForce 9400 GT;Unknown
NVIDIA GeForce 940M;Maxwell
NVIDIA GeForce 940MX;Maxwell
NVIDIA GeForce 945A;Maxwell
NVIDIA GeForce 945M;Maxwell
NVIDIA GeForce 9500;Tesla
NVIDIA GeForce 9500 GT;Tesla
NVIDIA GeForce 9600;Tesla
NVIDIA GeForce 9600M;Tesla
NVIDIA GeForce 9600 GT;Tesla
NVIDIA GeForce 9800;Tesla
NVIDIA GeForce 9800 GT;Tesla
NVIDIA GeForce FX 5200;Rankine
NVIDIA GeForce FX 5500;Rankine
NVIDIA GeForce GT 1030;Unknown
NVIDIA GeForce GT 220;Unknown
NVIDIA GeForce GT 240;Tesla 2.0
NVIDIA GeForce GT 330M;Tesla 2.0
NVIDIA GeForce GT 415;Tesla 2.0
NVIDIA GeForce GT 415M;Fermi
NVIDIA GeForce GT 420;Fermi
NVIDIA GeForce GT 420M;Fermi
NVIDIA GeForce GT 425M;Fermi
NVIDIA GeForce GT 430;Fermi
NVIDIA GeForce GT 435M;Fermi
NVIDIA GeForce GT 440;Fermi
NVIDIA GeForce GT 445M;Fermi
NVIDIA GeForce GT 520;Fermi 2.0
NVIDIA GeForce GT 520M;Unknown
NVIDIA GeForce GT 520MX;Fermi 2.0
NVIDIA GeForce GT 525M;Fermi
NVIDIA GeForce GT 530;Fermi
NVIDIA GeForce GT 540M;Unknown
NVIDIA GeForce GT 545;Fermi 2.0
NVIDIA GeForce GT 550M;Fermi 2.0
NVIDIA GeForce GT 555M;Fermi
NVIDIA GeForce GT 610;Unknown
NVIDIA GeForce GT 620;Unknown
NVIDIA GeForce GT 620M;Unknown
NVIDIA GeForce GT 625;Fermi 2.0
NVIDIA GeForce GT 630;Unknown
NVIDIA GeForce GT 630M;Unknown
NVIDIA GeForce GT 635;Kepler 2.0
NVIDIA GeForce GT 635M;Unknown
NVIDIA GeForce GT 640;Unknown
NVIDIA GeForce GT 640M;Unknown
NVIDIA GeForce GT 640M LE;Unknown
NVIDIA GeForce GT 645;Unknown
NVIDIA GeForce GT 645M;Kepler
NVIDIA GeForce GT 650M;Kepler
NVIDIA GeForce GT 705;Fermi 2.0
NVIDIA GeForce GT 710;Unknown
NVIDIA GeForce GT 720;Unknown
NVIDIA GeForce GT 720M;Unknown
NVIDIA GeForce GT 730;Unknown
NVIDIA GeForce GT 730M;Unknown
NVIDIA GeForce GT 735M;Kepler 2.0
NVIDIA GeForce GT 740;Unknown
NVIDIA GeForce GT 740M;Unknown
NVIDIA GeForce GT 745M;Kepler
NVIDIA GeForce GT 750M;Kepler
NVIDIA GeForce GT 755M;Kepler
NVIDIA GeForce GTS 150;Tesla
NVIDIA GeForce GTS 250;Tesla
NVIDIA GeForce GTX 260M;Tesla
NVIDIA GeForce GTX 275;Tesla 2.0
NVIDIA GeForce GTX 280;Tesla 2.0
NVIDIA GeForce GTX 285;Tesla 2.0
NVIDIA GeForce GTX 295;Tesla 2.0
NVIDIA GeForce GTS 450;Fermi
NVIDIA GeForce GTX 550;Fermi 2.0
NVIDIA GeForce GTX 1050;Pascal
NVIDIA GeForce GTX 1050 Ti;Pascal
NVIDIA GeForce GTX 1060;Pascal
NVIDIA GeForce GTX 1060 6GB;Pascal
NVIDIA GeForce GTX 1070;Pascal
NVIDIA GeForce GTX 1070 Ti;Pascal
NVIDIA GeForce GTX 1080;Pascal
NVIDIA GeForce GTX 1080 Ti;Pascal
NVIDIA GeForce GTX 1630;Turing 16
NVIDIA GeForce GTX 1650;Turing 16
NVIDIA GeForce GTX 1650 SUPER;Turing 16
NVIDIA GeForce GTX 1650 Ti;Turing 16
NVIDIA GeForce GTX 1660;Turing 16
NVIDIA GeForce GTX 1660 SUPER;Turing 16
NVIDIA GeForce GTX 1660 Ti;Turing 16
NVIDIA GeForce GTX 260;Tesla 2.0
NVIDIA GeForce GTX 460;Unknown
NVIDIA GeForce GTX 460 SE;Unknown
NVIDIA GeForce GTX 460M;Fermi
NVIDIA GeForce GTX 465;Fermi
NVIDIA GeForce GTX 470;Fermi
NVIDIA GeForce GTX 470M;Fermi
NVIDIA GeForce GTX 480;Fermi
NVIDIA GeForce GTX 480M;Fermi
NVIDIA GeForce GTX 485M;Fermi
NVIDIA GeForce GTX 550 Ti;Fermi 2.0
NVIDIA GeForce GTX 555;Fermi 2.0
NVIDIA GeForce GTX 560;Fermi 2.0
NVIDIA GeForce GTX 560 SE;Fermi 2.0
NVIDIA GeForce GTX 560 Ti;Fermi 2.0
NVIDIA GeForce GTX 560M;Fermi 2.0
NVIDIA GeForce GTX 570;Fermi 2.0
NVIDIA GeForce GTX 570M;Fermi 2.0
NVIDIA GeForce GTX 580;Fermi 2.0
NVIDIA GeForce GTX 580M;Fermi 2.0
NVIDIA GeForce GTX 590;Fermi 2.0
NVIDIA GeForce GTX 645;Kepler
NVIDIA GeForce GTX 650;Kepler
NVIDIA GeForce GTX 650 Ti;Kepler
NVIDIA GeForce GTX 650 Ti Boost;Kepler
NVIDIA GeForce GTX 660;Kepler
NVIDIA GeForce GTX 660 Ti;Kepler
NVIDIA GeForce GTX 660M;Kepler
NVIDIA GeForce GTX 670;Kepler
NVIDIA GeForce GTX 670M;Fermi 2.0
NVIDIA GeForce GTX 670MX;Kepler
NVIDIA GeForce GTX 675M;Fermi 2.0
NVIDIA GeForce GTX 675MX;Kepler
NVIDIA GeForce GTX 680;Kepler
NVIDIA GeForce GTX 680M;Kepler
NVIDIA GeForce GTX 680MX;Kepler
NVIDIA GeForce GTX 690;Kepler
NVIDIA GeForce GTX 745;Maxwell
NVIDIA GeForce GTX 750;Maxwell
NVIDIA GeForce GTX 750 Ti;Maxwell
NVIDIA GeForce GTX 760;Kepler
NVIDIA GeForce GTX 760 Ti;Kepler
NVIDIA GeForce GTX 760M;Kepler
NVIDIA GeForce GTX 765M;Kepler
NVIDIA GeForce GTX 770;Kepler
NVIDIA GeForce GTX 770M;Kepler
NVIDIA GeForce GTX 775M;Kepler
NVIDIA GeForce GTX 780;Kepler
NVIDIA GeForce GTX 780 Ti;Kepler
NVIDIA GeForce GTX 780M;Kepler
NVIDIA GeForce GTX 850M;Maxwell
NVIDIA GeForce GTX 860M;Unknown
NVIDIA GeForce GTX 870M;Kepler
NVIDIA GeForce GTX 880M;Kepler
NVIDIA GeForce GTX 950;Maxwell 2.0
NVIDIA GeForce GTX 950M;Maxwell
NVIDIA GeForce GTX 960;Maxwell 2.0
NVIDIA GeForce GTX 960M;Maxwell
NVIDIA GeForce GTX 965M;Maxwell 2.0
NVIDIA GeForce GTX 970;Maxwell 2.0
NVIDIA GeForce GTX 970M;Maxwell 2.0
NVIDIA GeForce GTX 980;Maxwell 2.0
NVIDIA GeForce GTX 980 Ti;Maxwell 2.0
NVIDIA GeForce GTX 980M;Maxwell 2.0
NVIDIA GeForce GTX TITAN;Kepler
NVIDIA GeForce GTX TITAN Black;Kepler
NVIDIA GeForce GTX TITAN X;Maxwell 2.0
NVIDIA GeForce GTX TITAN Z;Kepler
NVIDIA GeForce Go 7600;Curie
NVIDIA GeForce4 MX;Celsius
NVIDIA GeForce MX110;Maxwell
NVIDIA GeForce MX130;Maxwell
NVIDIA GeForce MX150;Pascal
NVIDIA GeForce MX230;Pascal
NVIDIA GeForce MX250;Pascal
NVIDIA GeForce MX330;Pascal
NVIDIA GeForce MX350;Pascal
NVIDIA GeForce MX450;Turing
NVIDIA GeForce MX550;Turing
NVIDIA GeForce RTX 2050;Ampere
NVIDIA GeForce RTX 2060;Turing
NVIDIA GeForce RTX 2060 SUPER;Turing
NVIDIA GeForce RTX 2060 with Max-Q Design;Turing
NVIDIA GeForce RTX 2070;Turing
NVIDIA GeForce RTX 2070 SUPER;Turing
NVIDIA GeForce RTX 2070 with Max-Q Design;Turing
NVIDIA GeForce RTX 2080;Turing
NVIDIA GeForce RTX 2080 SUPER;Turing
NVIDIA GeForce RTX 2080 Ti;Turing
NVIDIA GeForce RTX 3050;Ampere
NVIDIA GeForce RTX 3050 4GB Laptop GPU;Ampere
NVIDIA GeForce RTX 3050 6GB Laptop GPU;Ampere
NVIDIA GeForce RTX 3050 Laptop GPU;Ampere
NVIDIA GeForce RTX 3050 OEM;Ampere
NVIDIA GeForce RTX 3050 Ti;Ampere
NVIDIA GeForce RTX 3050 Ti Laptop GPU;Ampere
NVIDIA GeForce RTX 3060;Ampere
NVIDIA GeForce RTX 3060 Laptop GPU;Ampere
NVIDIA GeForce RTX 3060 Ti;Ampere
NVIDIA GeForce RTX 3070;Ampere
NVIDIA GeForce RTX 3070 Laptop GPU;Ampere
NVIDIA GeForce RTX 3070 Ti;Ampere
NVIDIA GeForce RTX 3070 Ti Laptop GPU;Ampere
NVIDIA GeForce RTX 3080;Ampere
NVIDIA GeForce RTX 3080 Laptop GPU;Ampere
NVIDIA GeForce RTX 3080 Ti;Ampere
NVIDIA GeForce RTX 3080 Ti Laptop GPU;Ampere
NVIDIA GeForce RTX 3090;Ampere
NVIDIA GeForce RTX 3090 Ti;Ampere
NVIDIA GeForce RTX 4050 Laptop GPU;Ada Lovelace
NVIDIA GeForce RTX 4060;Ada Lovelace
NVIDIA GeForce RTX 4060 Laptop GPU;Ada Lovelace
NVIDIA GeForce RTX 4060 Ti;Ada Lovelace
NVIDIA GeForce RTX 4070;Ada Lovelace
NVIDIA GeForce RTX 4070 Laptop GPU;Ada Lovelace
NVIDIA GeForce RTX 4070 SUPER;Ada Lovelace
NVIDIA GeForce RTX 4070 Ti;Ada Lovelace
NVIDIA GeForce RTX 4070 Ti SUPER;Ada Lovelace
NVIDIA GeForce RTX 4080;Ada Lovelace
NVIDIA GeForce RTX 4080 Laptop GPU;Ada Lovelace
NVIDIA GeForce RTX 4080 SUPER;Ada Lovelace
NVIDIA GeForce RTX 4090;Ada Lovelace
NVIDIA GeForce RTX 4090 D;Ada Lovelace
NVIDIA GeForce RTX 4090 Laptop GPU;Ada Lovelace
NVIDIA GeForce RTX T10-8;Turing
NVIDIA Graphics Device;Unknown
NVIDIA N16V-GM;Unknown
NVIDIA NVS 315;Fermi 2.0
NVIDIA NVS 4200M;Fermi 2.0
NVIDIA NVS 5200M;Unknown
NVIDIA NVS 5400M;Fermi
NVIDIA Quadro 1000M;Fermi
NVIDIA Quadro 1100M;Kepler
NVIDIA Quadro 2000;Fermi
NVIDIA Quadro 2000M;Fermi
NVIDIA Quadro 2100M;Kepler
NVIDIA Quadro 3000M;Fermi
NVIDIA Quadro 4000;Fermi
NVIDIA Quadro 4000M;Fermi
NVIDIA Quadro 5000M;Fermi
NVIDIA Quadro 5010M;Fermi 2.0
NVIDIA Quadro 600;Fermi
NVIDIA Quadro 6000;Fermi
NVIDIA Quadro K1000M;Kepler
NVIDIA Quadro K1100M;Kepler
NVIDIA Quadro K1200;Maxwell
NVIDIA Quadro K2000;Kepler
NVIDIA Quadro K2000D;Kepler
NVIDIA Quadro K2000M;Kepler
NVIDIA Quadro K2100M;Kepler
NVIDIA Quadro K2200;Maxwell
NVIDIA Quadro K2200M;Maxwell
NVIDIA Quadro K3000M;Kepler
NVIDIA Quadro K3100M;Kepler
NVIDIA Quadro K4000;Kepler
NVIDIA Quadro K4000M;Kepler
NVIDIA Quadro K4100M;Kepler
NVIDIA Quadro K420;Kepler
NVIDIA Quadro K4200;Kepler
NVIDIA Quadro K5000M;Kepler
NVIDIA Quadro K5100M;Kepler
NVIDIA Quadro K510M;Kepler 2.0
NVIDIA Quadro K5200;Kepler
NVIDIA Quadro K600;Kepler
NVIDIA Quadro K6000;Kepler
NVIDIA Quadro K610M;Kepler 2.0
NVIDIA Quadro K620;Maxwell
NVIDIA Quadro K620M;Maxwell
NVIDIA Quadro M1000M;Maxwell
NVIDIA Quadro M1200;Maxwell
NVIDIA Quadro M2000M;Maxwell
NVIDIA Quadro M4000;Maxwell 2.0
NVIDIA Quadro M5000;Maxwell 2.0
NVIDIA Quadro M5000M;Maxwell 2.0
NVIDIA Quadro M6000;Maxwell 2.0
NVIDIA Quadro P5000;Pascal
NVIDIA Quadro RTX 4000;Turing
NVIDIA Quadro RTX 6000;Turing
NVIDIA RTX A2000 Laptop GPU;Ampere
NVIDIA RTX A4500;Ampere
NVIDIA TITAN V;Volta
NVIDIA TITAN X;Pascal
NVIDIA TITAN Xp;Pascal
Qualcomm Adreno X1;X1
RDPDD Chained DD;Unknown
Radeon RX 590 Series;GCN 4.0
Server Haswell GT2;Generation 7.5
Steam Deck GPU;RDNA 2.0
1,024.0 Kbps; 1 Mbps
10,000.0 Kbps; 10 Mbps
10000.0 Kbps; 10 Mbps
1024.0 Kbps; 1 Mbps
112.0 Kbps; Below 256 Kbps
2,048.0 Kbps; 2 Mbps
256.0 Kbps; 256 Kbps
33.6 Kbps; Below 256 Kbps
56.0 Kbps; Below 256 Kbps
768.0 Kbps; 768 Kbps
2048.0 Kbps; 2 Mbps
"Arch Linux";Linux
"Arch Linux" 64 bit;Linux
"Chakra Linux" 64 bit;Linux
"Chakra" 64 bit;Linux
"EndeavourOS Linux" 64 bit;Linux
"Fedora release 17 (Beefy Miracle)";Linux
"Fedora release 17 (Beefy Miracle)" 64 bit;Linux
"Fedora release 18 (Spherical Cow)";Linux
"Fedora release 18 (Spherical Cow)" 64 bit;Linux
"Gentoo Base System release 2.1";Linux
"Gentoo Base System release 2.1" 64 bit;Linux
"Gentoo Base System release 2.2" 64 bit;Linux
"Manjaro Linux";Linux
"Manjaro Linux" 64 bit;Linux
"NAME=Gentoo" 64 bit;Linux
"Sabayon Linux amd64 11" 64 bit;Linux
"Sabayon Linux amd64 13.03" 64 bit;Linux
"n/a" 64 bit;Unknown
"openSUSE 12.2 (i586)";Linux
"openSUSE 12.2 (x86_64)" 64 bit;Linux
"openSUSE 12.3 (i586)";Linux
"openSUSE 12.3 (x86_64)" 64 bit;Linux
Bodhi 2.0.0 64 bit;Linux
Debian GNU/Linux 12 (bookworm) 64 bit;Linux
Debian GNU/Linux 7.0 (wheezy);Linux
Debian GNU/Linux 7.0 (wheezy) 64 bit;Linux
Linux 3.10 64 bit;Linux
Linux 3.2;Linux
Linux 3.2 64 bit;Linux
Linux 4.x 64 bit;Linux
Linux 5.x 64 bit;Linux
Linux 64 bit;Linux
Linux Mint 13 Maya;Linux
Linux Mint 13 Maya 64 bit;Linux
Linux Mint 14 Nadia;Linux
Linux Mint 14 Nadia 64 bit;Linux
Linux Mint 15 Olivia 64 bit;Linux
Linux Mint 16 Petra 64 bit;Linux
Linux Mint 17 Qiana 64 bit;Linux
Linux Mint 17.1 Rebecca 64 bit;Linux
Linux Mint 17.2 Rafaela 64 bit;Linux
Linux Mint 17.3 Rosa 64 bit;Linux
Linux Mint 18 Sarah 64 bit;Linux
Linux Mint 18.1 Serena 64 bit;Linux
Linux Mint 18.2 Sonya 64 bit;Linux
Linux Mint 18.3 Sylvia 64 bit;Linux
Linux Mint 19 Tara 64 bit;Linux
Linux Mint 19.1 Tessa 64 bit;Linux
Linux Mint 19.2 Tina 64 bit;Linux
Linux Mint 19.3 Tricia 64 bit;Linux
Linux Mint 20 64 bit;Linux
Linux Mint 20.1 64 bit;Linux
Linux Mint 20.2 64 bit;Linux
Linux Mint 20.3 64 bit;Linux
Linux Mint 21 64 bit;Linux
Linux Mint 21.1 64 bit;Linux
Linux Mint 21.2 64 bit;Linux
Linux Mint 21.3 64 bit;Linux
Linux Mint 22 64 bit;Linux
Linux Mint 22.1 64 bit;Linux
Linux Mint Debian Edition 64 bit;Linux
Linux-Secure-Remix 12.10 28feb2013 64 bit;Linux
MacOS 10.10.0 64 bit;MacOS
MacOS 10.10.1 64 bit;MacOS
MacOS 10.10.2 64 bit;MacOS
MacOS 10.10.3 64 bit;MacOS
MacOS 10.10.4 64 bit;MacOS
MacOS 10.10.5 64 bit;MacOS
MacOS 10.11.0 64 bit;MacOS
MacOS 10.11.1 64 bit;MacOS
MacOS 10.11.2 64 bit;MacOS
MacOS 10.11.3 64 bit;MacOS
MacOS 10.11.4 64 bit;MacOS
MacOS 10.11.5 64 bit;MacOS
MacOS 10.11.6 64 bit;MacOS
MacOS 10.12.0 64 bit;MacOS
MacOS 10.12.1 64 bit;MacOS
MacOS 10.12.2 64 bit;MacOS
MacOS 10.12.3 64 bit;MacOS
MacOS 10.12.4 64 bit;MacOS
MacOS 10.12.5 64 bit;MacOS
MacOS 10.12.6 64 bit;MacOS
MacOS 10.13.0 64 bit;MacOS
MacOS 10.13.1 64 bit;MacOS
MacOS 10.13.2 64 bit;MacOS
MacOS 10.13.3 64 bit;MacOS
MacOS 10.13.4 64 bit;MacOS
MacOS 10.13.5 64 bit;MacOS
MacOS 10.13.6 64 bit;MacOS
MacOS 10.14.0 64 bit;MacOS
MacOS 10.14.1 64 bit;MacOS
MacOS 10.14.2 64 bit;MacOS
MacOS 10.14.3 64 bit;MacOS
MacOS 10.14.4 64 bit;MacOS
MacOS 10.14.5 64 bit;MacOS
MacOS 10.14.6 64 bit;MacOS
MacOS 10.15.0 64 bit;MacOS
MacOS 10.15.1 64 bit;MacOS
MacOS 10.15.2 64 bit;MacOS
MacOS 10.15.3 64 bit;MacOS
MacOS 10.15.4 64 bit;MacOS
MacOS 10.15.5 64 bit;MacOS
MacOS 10.15.6 64 bit;MacOS
MacOS 10.15.7 64 bit;MacOS
MacOS 10.16.0 64 bit;MacOS
MacOS 10.5.8 64 bit;MacOS
MacOS 10.6.3 64 bit;MacOS
MacOS 10.6.4 64 bit;MacOS
MacOS 10.6.5 64 bit;MacOS
MacOS 10.6.6 64 bit;MacOS
MacOS 10.6.7 64 bit;MacOS
MacOS 10.6.8 64 bit;MacOS
MacOS 10.7.0 64 bit;MacOS
MacOS 10.7.2 64 bit;MacOS
MacOS 10.7.3 64 bit;MacOS
MacOS 10.7.4 64 bit;MacOS
MacOS 10.7.5 64 bit;MacOS
MacOS 10.8.0 64 bit;MacOS
MacOS 10.8.1 64 bit;MacOS
MacOS 10.8.2 64 bit;MacOS
MacOS 10.8.3 64 bit;MacOS
MacOS 10.8.4 64 bit;MacOS
MacOS 10.8.5 64 bit;MacOS
MacOS 10.9.0 64 bit;MacOS
MacOS 10.9.1 64 bit;MacOS
MacOS 10.9.2 64 bit;MacOS
MacOS 10.9.3 64 bit;MacOS
MacOS 10.9.4 64 bit;MacOS
MacOS 10.9.5 64 bit;MacOS
MacOS 11.2.3 64 bit;MacOS
MacOS 11.4.0 64 bit;MacOS
MacOS 11.5.2 64 bit;MacOS
MacOS 11.6.0 64 bit;MacOS
MacOS 11.6.1 64 bit;MacOS
MacOS 11.6.2 64 bit;MacOS
MacOS 11.6.4 64 bit;MacOS
MacOS 11.6.5 64 bit;MacOS
MacOS 11.6.8 64 bit;MacOS
MacOS 12.0.1 64 bit;MacOS
MacOS 12.1.0 64 bit;MacOS
MacOS 12.2.0 64 bit;MacOS
MacOS 12.2.1 64 bit;MacOS
MacOS 12.3.0 64 bit;MacOS
MacOS 12.3.1 64 bit;MacOS
MacOS 12.4.0 64 bit;MacOS
MacOS 12.5.0 64 bit;MacOS
MacOS 12.5.1 64 bit;MacOS
MacOS 12.6.0 64 bit;MacOS
MacOS 12.6.1 64 bit;MacOS
MacOS 12.6.2 64 bit;MacOS
MacOS 12.6.3 64 bit;MacOS
MacOS 12.6.5 64 bit;MacOS
MacOS 12.6.6 64 bit;MacOS
MacOS 12.6.7 64 bit;MacOS
MacOS 13.0.0 64 bit;MacOS
MacOS 13.0.1 64 bit;MacOS
MacOS 13.1.0 64 bit;MacOS
MacOS 13.2.0 64 bit;MacOS
MacOS 13.2.1 64 bit;MacOS
MacOS 13.3.0 64 bit;MacOS
MacOS 13.3.1 64 bit;MacOS
MacOS 13.4.0 64 bit;MacOS
MacOS 13.4.1 64 bit;MacOS
MacOS 13.5.0 64 bit;MacOS
MacOS 13.5.1 64 bit;MacOS
MacOS 13.5.2 64 bit;MacOS
MacOS 13.6.0 64 bit;MacOS
MacOS 13.6.1 64 bit;MacOS
MacOS 14.0.0 64 bit;MacOS
MacOS 14.1.0 64 bit;MacOS
MacOS 14.1.1 64 bit;MacOS
MacOS 14.1.2 64 bit;MacOS
MacOS 14.2.0 64 bit;MacOS
MacOS 14.2.1 64 bit;MacOS
MacOS 14.3.0 64 bit;MacOS
MacOS 14.3.1 64 bit;MacOS
MacOS 14.4.0 64 bit;MacOS
MacOS 14.4.1 64 bit;MacOS
MacOS 14.5.0 64 bit;MacOS
MacOS 14.6.0 64 bit;MacOS
MacOS 14.6.1 64 bit;MacOS
MacOS 15.0.0 64 bit;MacOS
MacOS 15.0.1 64 bit;MacOS
MacOS 15.1.0 64 bit;MacOS
MacOS 15.1.1 64 bit;MacOS
MacOS 15.2.0 64 bit;MacOS
MacOS 15.3.0 64 bit;MacOS
MacOS 15.3.1 64 bit;MacOS
Ubuntu 12.04 LTS;Linux
Ubuntu 12.04 LTS 64 bit;Linux
Ubuntu 12.04.1 LTS;Linux
Ubuntu 12.04.1 LTS 64 bit;Linux
Ubuntu 12.04.2 LTS;Linux
Ubuntu 12.04.2 LTS 64 bit;Linux
Ubuntu 12.04.3 LTS;Linux
Ubuntu 12.04.3 LTS 64 bit;Linux
Ubuntu 12.04.4 LTS;Linux
Ubuntu 12.04.4 LTS 64 bit;Linux
Ubuntu 12.10;Linux
Ubuntu 12.10 64 bit;Linux
Ubuntu 13.04;Linux
Ubuntu 13.04 64 bit;Linux
Ubuntu 13.10;Linux
Ubuntu 13.10 64 bit;Linux
Ubuntu 14.04 LTS;Linux
Ubuntu 14.04 LTS 64 bit;Linux
Ubuntu 14.04.1 LTS;Linux
Ubuntu 14.04.1 LTS 64 bit;Linux
Ubuntu 14.04.2 LTS 64 bit;Linux
Ubuntu 14.04.3 LTS 64 bit;Linux
Ubuntu 14.04.4 LTS 64 bit;Linux
Ubuntu 14.04.5 LTS 64 bit;Linux
Ubuntu 14.10 64 bit;Linux
Ubuntu 15.04 64 bit;Linux
Ubuntu 15.10 64 bit;Linux
Ubuntu 16.04 LTS 64 bit;Linux
Ubuntu 16.04.1 LTS 64 bit;Linux
Ubuntu 16.04.2 LTS 64 bit;Linux
Ubuntu 16.04.3 LTS 64 bit;Linux
Ubuntu 16.04.4 LTS 64 bit;Linux
Ubuntu 16.04.5 LTS 64 bit;Linux
Ubuntu 16.10 64 bit;Linux
Ubuntu 17.04 64 bit;Linux
Ubuntu 17.10 64 bit;Linux
Ubuntu 18.04 LTS 64 bit;Linux
Ubuntu 18.04.1 LTS 64 bit;Linux
Ubuntu 18.04.2 LTS 64 bit;Linux
Ubuntu 18.04.3 LTS 64 bit;Linux
Ubuntu 18.04.4 LTS 64 bit;Linux
Ubuntu 18.04.5 LTS 64 bit;Linux
Ubuntu 18.10 64 bit;Linux
Ubuntu 19.04 64 bit;Linux
Ubuntu 19.10 64 bit;Linux
Ubuntu 20.04 LTS 64 bit;Linux
Ubuntu 20.04.1 LTS 64 bit;Linux
Ubuntu 20.04.2 LTS 64 bit;Linux
Ubuntu 20.04.3 LTS 64 bit;Linux
Ubuntu 20.04.4 LTS 64 bit;Linux
Ubuntu 21.04 64 bit;Linux
Ubuntu 21.10 64 bit;Linux
Ubuntu 22.04 LTS 64 bit;Linux
Ubuntu 22.04.1 LTS 64 bit;Linux
Ubuntu 22.04.2 LTS 64 bit;Linux
Ubuntu 22.04.3 LTS 64 bit;Linux
Ubuntu 22.04.4 LTS 64 bit;Linux
Ubuntu 24.04 LTS 64 bit;Linux
Ubuntu 24.04.1 LTS 64 bit;Linux
Ubuntu Core 22 64 bit;Linux
Ubuntu Raring Ringtail (development branch);Linux
Ubuntu Raring Ringtail (development branch) 64 bit;Linux
Ubuntu-Secure-Remix 12.10 30nov2012 64 bit;Linux
Unknown 64 bit;Unknown
Unspecified;Unknown
Windows 10 64 bit;Windows 10
Windows 11 64 bit;Windows 11
Windows 2000 64 bit;Windows 2000
Windows 2003 64 bit;Windows 2003
Windows 2008 64 bit;Windows 2008
Windows 2012 64 bit;Windows 2012
Windows 2019 64 bit;Windows 2019
Windows 2022 64 bit;Windows 2022
Windows 7 64 bit;Windows 7
Windows 8 64 bit;Windows 8
Windows 8.1 64 bit;Windows 8.1
Windows Vista 32 bit;Windows Vista
Windows Vista 64 bit;Windows Vista
Windows XP 32 bit;Windows XP
Windows XP 64 bit;Windows XP
Zorin OS 6;Linux
Zorin OS 6 64 bit;Linux
elementary OS Luna;Linux
elementary OS Luna 64 bit;Linux
1 cpu;1
10 cpus;9-12
100 cpus;Above 36
104 cpus;Above 36
11 cpus;9-12
112 cpus;Above 36
12 cpus;9-12
120 cpus;Above 36
127 cpus;Above 36
128 cpus;Above 36
13 cpus;13-16
14 cpus;13-16
144 cpus;Above 36
15 cpus;13-16
16 cpus;13-16
17 cpus;17-24
176 cpus;Above 36
18 cpus;17-24
19 cpus;17-24
192 cpus;Above 36
2 cpus;2
20 cpus;17-24
21 cpus;17-24
22 cpus;17-24
23 cpus;17-24
24 cpus;17-24
25 cpus;25-36
26 cpus;25-36
28 cpus;25-36
3 cpus;3
30 cpus;25-36
31 cpus;25-36
32 cpus;25-36
33 cpus;25-36
36 cpus;25-36
38 cpus;Above 36
4 cpus;4
40 cpus;Above 36
42 cpus;Above 36
44 cpus;Above 36
46 cpus;Above 36
48 cpus;Above 36
5 cpus;5-6
50 cpus;Above 36
52 cpus;Above 36
56 cpus;Above 36
58 cpus;Above 36
6 cpus;5-6
60 cpus;Above 36
62 cpus;Above 36
64 cpus;Above 36
66 cpus;Above 36
68 cpus;Above 36
7 cpus;7-8
72 cpus;Above 36
76 cpus;Above 36
8 cpus;7-8
80 cpus;Above 36
88 cpus;Above 36
9 cpus;9-12
96 cpus;Above 36
1023 MB;1 GB
10239 MB;10 GB
1024 MB;1 GB
11263 MB;11 GB
1156 MB;1 GB
12287 MB;12 GB
1279 MB;1 GB
128 MB;Below 256 MB
1280 MB;1 GB
1535 MB;1.5 GB
1536 MB;1.5 GB
1722 MB;1.5 GB
1792 MB;1.5 GB
1797 MB;1.5 GB
2 MB;Below 256 MB
2047 MB;2 GB
2048 MB;2 GB
24575 MB;24 GB
3 MB;Below 256 MB
3071 MB;3 GB
3072 MB;3 GB
32 MB;Below 256 MB
320 MB;256 MB
384 MB;256 MB
4095 MB;4 GB
4096 MB;4 GB
416 MB;256 MB
5 GB;5 GB
5119 MB;5 GB
580 MB;512 MB
6 MB;Below 256 MB
6143 MB;6 GB
6144 MB;6 GB
64 MB;Below 256 MB
640 MB;512 MB
7 MB;Below 256 MB
768 MB;512 MB
8191 MB;8 GB
8192 MB;8 GB
896 MB;512 MB
1024 x 576;SD
1024 x 600;SD
1024 x 640;HD
1024 x 768;HD
1024 x 819;HD
1067 x 600;SD
1067 x 800;HD
1080 x 1920;FHD
1080 x 720;HD
1088 x 614;HD
1093 x 614;HD
1097 x 617;HD
1120 x 700;HD
1152 x 648;HD
1152 x 720;HD
1152 x 768;HD
1152 x 864;HD
1152 x 900;HD
1176 x 664;HD
1179 x 661;HD
1184 x 667;HD
1190 x 670;HD
1190 x 676;HD
1200 x 1920;FHD
1200 x 676;HD
1200 x 900;HD
1202 x 676;HD
1216 x 676;HD
1216 x 684;HD
1228 x 684;HD
1228 x 690;HD
1228 x 691;HD
1280 x 1024;HD
1280 x 600;HD
1280 x 720;HD
1280 x 768;HD
1280 x 778;HD
1280 x 800;HD
1280 x 853;HD
1280 x 854;HD
1280 x 900;HD
1280 x 960;HD
1289 x 725;HD
1344 x 756;HD
1344 x 840;HD
1360 x 1024;HD
1360 x 765;HD
1360 x 766;HD
1360 x 768;HD
1360 x 850;HD
1364 x 768;HD
1365 x 768;HD
1366 x 768;HD
1368 x 768;HD
1368 x 912;HD+
1376 x 774;HD
1400 x 1050;HD+
1400 x 900;HD+
1414 x 794;HD
1418 x 798;HD
1421 x 800;HD
1440 x 810;HD+
1440 x 878;HD+
1440 x 900;HD+
1440 x 960;HD+
1448 x 905;HD+
1459 x 821;HD+
1463 x 823;HD+
1474 x 829;HD+
1475 x 829;HD+
1500 x 1000;HD+
1536 x 864;HD+
1536 x 960;HD+
1600 x 1000;HD+
1600 x 1024;HD+
1600 x 1200;HD+
1600 x 1280;HD+
1600 x 900;HD+
1676 x 943;HD+
1680 x 1028;HD+
1680 x 1050;HD+
1680 x 945;HD+
1707 x 1067;HD+
1707 x 960;HD+
1768 x 992;HD+
1776 x 1000;HD+
1786 x 1004;HD+
1786 x 1014;HD+
1786 x 1026;HD+
1792 x 1344;QHD
1792 x 768;HD
1800 x 1350;QHD
1800 x 1440;QHD
1804 x 1004;HD+
1804 x 1014;HD+
1804 x 1026;HD+
1804 x 1036;HD+
1804 x 994;HD+
1824 x 1014;HD+
1824 x 1026;HD+
1824 x 1028;HD+
1824 x 1036;HD+
1824 x 1080;FHD
1840 x 1036;HD+
1842 x 1026;HD+
1842 x 1036;HD+
1842 x 1048;HD+
1862 x 1036;HD+
1862 x 1048;HD+
1862 x 1058;HD+
1882 x 1058;HD+
1920 x 1058;HD+
1920 x 1080;FHD
1920 x 1178;FHD
1920 x 1200;FHD
1920 x 1440;QHD
2048 x 1152;FHD
2048 x 1536;QHD
2133 x 1200;FHD
2160 x 1440;QHD
2194 x 1234;FHD
2560 x 1024;FHD
2560 x 1080;FHD
2560 x 1418;QHD
2560 x 1440;QHD
2560 x 1600;QHD
2880 x 1620;QHD
2880 x 1800;QHD
3072 x 1728;QHD
3200 x 1800;QHD
3240 x 1920;QHD
3360 x 1050;FHD
3440 x 1440;QHD
3600 x 1920;QHD
3840 x 1024;FHD
3840 x 1080;FHD
3840 x 2160;UHD
4080 x 768;HD
4320 x 900;HD
4800 x 1200;FHD
4800 x 900;HD
5040 x 1050;FHD
5120 x 1440;QHD
5292 x 1050;FHD
5760 x 1080;FHD
5760 x 1200;FHD
5948 x 1080;FHD
5972 x 1080;FHD
5992 x 1080;FHD
6000 x 1080;FHD
6036 x 1080;FHD
6048 x 1080;FHD
6048 x 1200;FHD
6060 x 1080;FHD
6088 x 1080;FHD
640 x 480;SD
720 x 480;SD
800 x 1280;HD
800 x 600;SD
853 x 683;SD
907 x 512;SD
960 x 540;SD
960 x 600;SD
Brazilian Portuguese;Portuguese - Brazil
Portuguese-Brazil;Portuguese - Brazil
Portuguese;Portuguese - Portugal
SteamChina - Simplified Chinese;Simplified Chinese
Spanish;Spanish - Spain